{"PBR":{"LNC":0.59913063,"UNM":0.61005294,"PRU":0.7362582,"MET":0.79838324,"L":0.88209575,"C":0.9071218,"MRO":1.0011959,"TAP":1.0067583,"CFG":1.0436269,"HFC":1.0452994,"KHC":1.0653226,"RE":1.073281,"PBCT":1.1013545,"PRGO":1.1181034,"BK":1.1350491,"WFC":1.1750479,"PFG":1.175222,"AFL":1.2137147,"T":1.2697386,"HPE":1.2975292,"ZION":1.2986926,"KMI":1.3033842,"STT":1.3351419,"COF":1.335436,"EXC":1.3463727,"HIG":1.3511733,"MTB":1.3775407,"ED":1.3945343,"RF":1.4025728,"CTVA":1.4106671}}